{
    "loss": 0.16827332973480225,
    "accuracy": 0.9900000095367432
}