{
    "loss": 0.13956953585147858,
    "accuracy": 0.9959999918937683
}