{
    "loss": 2.840379476547241,
    "accuracy": 0.15964215993881226
}